keyword,impressions,clicks,conversions
kursverwaltung
seminarverwaltung
buchungssystem
kurs buchungssystem
seminarverwaltungssoftware,159,30,3.00
kursbuchungssystem,372,28,3.00
kursverwaltungssoftware,214,22,2.50
wordpress buchungssystem,234,33,2.00
online buchungssystem,495,23,2.00
kursverwaltung,316,18,2.00
buchungstool für website,128,18,2.00
buchungssystem für kurse,118,15,2.00
seminarverwaltung software,284,13,2.00
buchungssystem für kurse,60,11,2.00
online buchungssystem für kurse,60,10,2.00
seminarmanagement software,103,9,2.00
software seminarverwaltung,88,8,2.00
kursverwaltungssoftware schweiz,66,5,2.00
buchungssystem wordpress,180,17,1.00
buchungstool für kurse,65,11,1.00
kursverwaltung software,67,10,1.00
buchungstools,63,9,1.00
online buchungstool,82,7,1.00
online seminar software,38,7,1.00
wix buchungssystem,171,5,1.00
online buchungssystem wordpress,29,5,1.00
seminar management system,27,5,1.00
kurs software,25,5,1.00
online buchungssystem für website,24,4,1.00
kurs buchungssystem,21,3,1.00
kursbuchungssystem online,18,2,1.00
kurse online verwalten,8,2,1.00
kurse online buchen software,8,2,1.00
wordpress plugin seminarverwaltung,7,2,1.00
wordpress plugin seminarverwaltung,3,2,1.00
online buchungssystem kurse,2,2,1.00
kurstool,43,1,1.00
seminarverwaltung system,16,1,1.00
software kursbuchung,9,1,1.00
online buchung software,2,1,1.00
online booking system for therapists,2,1,1.00
workshops tools,2,1,1.00
wordpress buchungssystem,95,18,0.50
joomla kursverwaltung,13,4,0.50
