"name","_1","website_url"
"Haircare GmbH (Sassoon Salon) - Daniel Labisch","","https://www.sassoon.com"
"ich schaff´s - Carolin Wrobel","","https://ichschaffs.de"
"NOTHNAGEL GmbH & Co. Kommunikationssysteme KG - Nadine Grün"," Maximilian Ellinger","https://winwin-office.net/Mitglieder/nothnagel-gmbh-co-kommunikationssysteme-kg"
"‼️ Soul Flow Expansions FZ-LLC - Nadia Schlenkrich","",
"Yachtschule Overschmidt GbR - Christoph Dammann ","","https://overschmidt.de"
"Segelschule Pieper -  Joachim Schacht","","https://segelschule-pieper.de"
"Wildnisschule Waldschrat - Martin Schreiber","","https://wildnisschule-waldschrat.de/"
"Kochstudio Bilou -  Jana Betzold","","https://www.bilou-kitchen.de/"
"Artistik Schulprojekt e.V - Nadine Hengst","","https://www.artistik-schulprojekt.de/"
"Fortbildungszentrum Halfmann -  Jörg Halfmann","","https://fortbildungszentrum-halfmann.de"
"Strandcamping Wallnau - Gunnar Mehnert","","https://strandcamping.de"
"Primum Auxilium -  Vivek Sundari","",
"BRS Saarland e.V.","","https://brs-saarland.de"
"Swim & Spa Wippich - Ing. Egnbert  Wippich","","https://www.swim-spa-bautzen.de"
"Agravis - Bettina Lauf","","https://www.agravis.de"
"JBF Bildungscenter - Hans-Werner Hartmann","","https://www.jbf.de"
"IBIT GmbH - Anna Stockberg","","https://ibit.eu/"
"Out-of-Home Research & Services GmbH (Fachverband Aussenwerbung e. V.) - Wolfgang Pfanzelt","",
"Verbandsgemeinde Ransbach-Baumbach - Achim ","","https://www.ransbach-baumbach.de"
"Robby Schwimmschule - Esther  Deppe- Becker ","","https://robby-schwimmschule.de/"
"Bildungs- & Seminarzentrum Neukirch - Christian Neukirch","","https://bildungszentrum-neukirch.de"
"HLBS: ECOVIS BayLa-Union GmbH Steuerberatungsgesellschaft - Ernst Gossert","","https://www.ecovis.com"
"Schwimmschule Pinguin - Rene Geppert ","","https://www.pinguinschule.de"
"Bunte Bildungsakademie -  Iris Frehse-Oisch","","https://bunte-bildungsakademie.de"
"naviga GmbH -  Emily Hagedorn","","https://www.naviga.de"
"WINaba GbR - Martin Zerwas","","Based on the search results provided, the official website URL for 'WINaba GbR - Martin Zerwas' cannot be clearly identified. Therefore, the result is ''"
"Sail & Surf Rügen - Knut Kuntoff","","https://www.segelschule-ruegen.de/"
"Erzquell Brauerei und Siegtal Haas","","https://www.erzquell.de"
"Bundesverband der Träger beruflicher Bildung (Bildungsverband) e.V. -  Gabriela Schramm","","https://bildungsverband.info/"
"Wolkengrün -  Yvonne Schröder","","http://www.wolkengruen.de/"
"Jugendgruppe Waidhofen - Cornelia Arzberger","",
"Sunny Island Alpacas - Bianca Thielmann ","","https://www.sunnyislandalpacas.de"
"Bildungscampus für Technik und Wirtschaft GmbH - Thomas Werner ","",
"ausTinasKuchlgartl -  Dipl.-Ing. Günther KODYM","","https://www.austinaskuchlgartl.com"
"Wildkräuter Jolanta Grenke - Jolanta Grenke","","https://wildkraeuter-ramin.de/"
"Methodicus GmbH -  Heike von Steht","",
"Rechtsanwaltskammer Braunschweig -  Maria Schüsselbauer","","https://www.rak-braunschweig.de"
"KPV Bildungswerk Niedersachsen e.V. -  Elisa Schellenberger","","https://kpv-bildungswerk-nds.de/"
"Hoffmanns Fahrschule GmbH - Petra Hoffmann","","https://hoffmanns-fahrschule.de"
"Innung des KFZ-Gewerbes Bochum - Michael Dittmar","","https://www.kfzinnung-bochum.de"
"Fotografie Reinhard Witt -  Reinhard Witt ","","https://www.fotografie-nf.de"
"Ferienhausverwaltung AllerleiMeer -  Benita Günther ","","https://www.allerleimeer.de"
"Fahrschule ISIDRIVE -  Marc Isberner","","https://fahrschule-isidrive.de/"
"Fahrschulcampus Hambüchen -  Michael Hambüchen","","https://fahrschule-hambuechen.de/"
"Good for Vienna gGmbH - Thomas Benda","","The search results provided do not clearly contain the official website URL for the company 'Good for Vienna gGmbH - Thomas Benda'. Therefore, the correct response based on the rules is ''"
"Yachtschule Hannover ek - Johanna Ahrens","","https://www.yachtschule-hannover.de"
"Kinderlotse gemeinnützige GmbH - Heiderose Killmer","","https://kinderlotse.org"
"Reimer improve Management GmbH - Sebastian Reimer","","https://sebastian-reimer.de"
"BOOTSAUSBILDUNG.com","","https://bootsausbildung.com"
"Prime Yachting","","https://www.primeyachtings.com"
"Median Gesundheitsliste Koblenz","","https://www.median-kliniken.de/de/median-gesundheitsdienste-koblenz/"
"e2n academy UG - Franzsika Gerhardt","","The official website URL for the company 'e2n academy UG - Franzsika Gerhardt' is not clearly identified in the provided search results. Therefore, the result is ''."
"Brettspielakademie - Christina Valentiner-Branth","","https://brettspielakademie.de/"
"Kinderschutzbund Starnberg","","https://kinderschutzbund-starnberg.de/"
"zarinfar GmbH - Philipp Wolff","","https://www.zarinfar.de"
"Verkehrsakademie Muensterland","","https://verkehrsakademie-muensterland.de/"
"Deutsche Burgenvereinigung Marksburg","","https://www.deutsche-burgen.org/"
"Landesverbandmitte - Monika Menezes-Kuth","","The search results do not clearly indicate an official website URL for the company 'Landesverbandmitte - Monika Menezes-Kuth'. Since none of the provided sources refer to a website specifically associated with this entity, I will return ''."
"Erste-Hilfe-Kinderleicht Piel & Hacker GbR - Pierre Piel","","https://Erste-Hilfe-Kinderleicht.de"
"Kindernotfall Bonn e.V. - Till Dresbach","","https://www.kindernotfall-bonn.de"
"Happy Away"," Gina Schulenberg / Melanie Hinrichs GbR - Gina Schulenberg","Based on the search results provided, no official website URL for the company 'Happy Away' was clearly found."
"Imkerverein Stuttgart e.V. - Tobias Hörnle","","https://imkervereinstuttgart.de/"
"Gemsensprung GmbH - Niklas Vogler","","https://gemsensprung.de"
"Klanggewebe Akademie - Maja Taube","","https://www.maja-taube.de/"
"crossXculture Sprachkurse - Karsten Hein","","https://www.crossxculture.com/en/"
"Private Kosmetik- und Makeup-Schule Norbert Engler","","http://www.kosmetikschule-engler.de"
"Agentur: Sanol-Media","","https://www.sanol-media.de"
"SGA.kompAss GbR - Olaf Buschikowski ","","https://www.sga-kompass.org/"
"FB Fahrwerk Bildung GmbH - Philipp Gärtner","","https://www.fahrwerk.biz/"
"Gemeinde Support","","https://www.gemeinde-support.ch/"
"Katrin Gühne"," Philipp Rentsch & Inés de Vera GbR - Katrin Gühne",
"Polesana GmbH - Daniel Polesana","",
"PA NRW - Jörg Sonntag","","The search results provided do not include information about the company 'PA NRW - Jörg Sonntag', and therefore I cannot identify the official website URL for this company. The results mainly pertain to Pennsylvania's Department of Revenue, which is unrelated to your query. If you have more specific information or another set of search results, I would be glad to help."
"HSCM ","","https://hscm.com"
"PIXELCONCEPT - Herr Fischer","","https://www.pixelconcept.de/en/"
"Lean Service Institute - Sebastian Reimer","","https://www.lean-service-institute.de/startseite/"
"Jagdschule Rhein-Main - Jochen Niesner","","https://www.werdejaeger.de"
"DataSmart Point GmbH - Amran Qasem","","https://datasmartpoint.com"
"Heldenweg-Institut - Oliver Fratzke","","https://www.heldenweg.de/"
"Ginaworkshops - Regina Kleist","","https://ginaworkshops.com"
"Dance Studio MOVE IT by Dana - Dana  Reinken","","''"
"Ginger Up GmbH & Co. KG (Institut für Geistiges Heilen) - Alexander Toskar","","https://gingerup.de"
"Autismuszentrum Saar - Christoph Giloi","","https://www.autismuszentrum-saar.de"
"""Verein der Züchter, Halter und Freunde von Neuweltkameliden e.V."" - Lutz Aufenacker","","https://nwk-verein.de"
"""echtjetzt! Sören Bendler und Sören Heise GbR"" - Sören Bendler","","https://www.echtjetzt-echtjetzt.de"
"Direktion für Allfinanz Deutsche Vermögensberatung - Wolfgang Sturm","","https://www.allfinanz-dvag.de"
"eurocom e. V. - Oda Hagemeier","",
"HERR KAI - virtuose dela fleur - Kai Fischer","","http://herr-kai.de"
"Business Coaching - Tanja Teichmann","","https://www.coaching-teichmann.de/"
"Sanitätsschule Tembaak Stützpunkt Nordhorn - Klaus Kamps","","https://www.nteh-nordhorn.de/"
"For You Event GbR - Ingmar Groksch","","The search results provided do not contain information or an official website URL for the company 'For You Event GbR - Ingmar Groksch'. Based on these results, I return ''."
"cip marketing GmbH - Christian Falter","","https://www.cip-marketing.com"
"""Auffangstation für Reptilien, München e.V."" - Jennifer Vogl","","https://www.reptilienauffangstation.de/"
"hilzinger GmbH - Sebastian  Kienzle","","https://www.hilzinger.de/"
"Kajlingua Sprachenschule Jagiera - Aleksandra  Jagiera ","","https://www.kajlingua.com/en/"
"Institut für Prozessarbeit Deutschland GmbH - Kirsten Wassermann","","https://institut-prozessarbeit.de/en/"
"NaturErlebnisWiese - Katarina Liebergeld","","https://www.naturerlebniswiese.de/"
"HLBS-Verband e.V. -Silke Obst","","https://hlbs.de"
"ab-sportbootschule - Alexandra Beckmann","","https://www.ab-sportbootschule.de"
"Motorradsicherheitstraining Stehlin - Berni Stehlin","","https://www.stehlin-motorradtraining.de"
"Chiemsee-Sailing-Center - Christopher Käßberger","","https://chiemsee-sailingcenter.de"
"Segelschule Rehbach-Ehdersee - Andreas Happich","","https://segelschule-rehbach.de"
"Segelcamp Bodensee - Bernd Orschel","","https://www.segelcamp-bodensee.de"
"Yachtschule Harkortsee - Sascha  Hillgeris","","https://www.yachtschule.ruhr"
"Schiffsmeister Degenhardt - Jan Degenhardt","","https://schiffsmeister-berlin.de"
"WISE wild&sein e.V. - Wieland Woesler","","https://wise-wild-sein.de"
"Lebe die Wildnis – Survivaltraining & Wildnisführung - Dominik Knausenberger","","https://lebe-die-wildnis.de/"
"Villa Farbenfroh - Britta Grunwald","","https://www.villafarbenfroh.de/"
"Nativa Akademie - Monica Cors","","https://www.nativa-akademie.de/en/"
"Optimed Düsseldorf - Victoria Pollig","","https://www.optimed-duesseldorf.com"
"M.I. GIC KG - Ivana Gičová","",
"WELTENRETTER GmbH - Daniel Kaszanics","","https://www.weltenretter.eu"
"vom Felde UG - Anne vom Felde","","https://www.vom-felde.de/"